,co,no2,o3,wind speed,relative humidity,pm25
co,1.0,0.6767604428057168,-0.5989407684595272,-0.5989407684595272,-0.5989407684595272,-0.122412935345005
no2,0.6767604428057168,1.0,-0.7691945532282444,-0.7691945532282444,-0.7691945532282444,-0.19691355688216744
o3,-0.5989407684595272,-0.7691945532282444,1.0,1.0,1.0,0.09424257999401768
wind speed,-0.5989407684595272,-0.7691945532282444,1.0,1.0,1.0,0.09424257999401768
relative humidity,-0.5989407684595272,-0.7691945532282444,1.0,1.0,1.0,0.09424257999401768
pm25,-0.122412935345005,-0.19691355688216744,0.09424257999401768,0.09424257999401768,0.09424257999401768,1.0
