,co,no2,o3,wind speed,relative humidity,pm25
co,1.0,0.5996960278496605,-0.725872377207298,-0.725872377207298,-0.725872377207298,-0.33421868361485363
no2,0.5996960278496605,1.0,-0.687908403151352,-0.687908403151352,-0.687908403151352,-0.18701930931335903
o3,-0.725872377207298,-0.687908403151352,1.0,1.0,1.0,0.2946624173196914
wind speed,-0.725872377207298,-0.687908403151352,1.0,1.0,1.0,0.2946624173196914
relative humidity,-0.725872377207298,-0.687908403151352,1.0,1.0,1.0,0.2946624173196914
pm25,-0.33421868361485363,-0.18701930931335903,0.2946624173196914,0.2946624173196914,0.2946624173196914,1.0
