,co,no2,o3,wind speed,relative humidity,pm25
co,1.0,0.6828102267344703,-0.6381743119142205,-0.6381743119142205,-0.6381743119142205,-0.2845791134122813
no2,0.6828102267344703,1.0,-0.780166579664035,-0.780166579664035,-0.780166579664035,-0.25951710765854646
o3,-0.6381743119142205,-0.780166579664035,1.0,1.0,1.0,0.19392132524219893
wind speed,-0.6381743119142205,-0.780166579664035,1.0,1.0,1.0,0.19392132524219893
relative humidity,-0.6381743119142205,-0.780166579664035,1.0,1.0,1.0,0.19392132524219893
pm25,-0.2845791134122813,-0.25951710765854646,0.19392132524219893,0.19392132524219893,0.19392132524219893,1.0
